date,referrer,count,uniques
2026-04-06,lakshgk.github.io,46,9
2026-04-06,github.com,31,3
2026-04-06,Google,2,2
2026-04-07,lakshgk.github.io,46,9
2026-04-07,github.com,31,3
2026-04-07,Google,2,2
2026-04-08,lakshgk.github.io,53,10
2026-04-08,github.com,31,3
2026-04-08,Google,2,2
2026-04-09,lakshgk.github.io,55,10
2026-04-09,github.com,32,4
2026-04-09,Google,2,2
2026-04-10,lakshgk.github.io,56,10
2026-04-10,github.com,32,4
2026-04-10,Google,2,2
2026-04-11,lakshgk.github.io,58,11
2026-04-11,github.com,34,6
2026-04-11,Google,2,2
2026-04-12,lakshgk.github.io,69,11
2026-04-12,github.com,29,6
2026-04-12,Google,2,2
2026-04-13,lakshgk.github.io,72,11
2026-04-13,github.com,12,6
2026-04-13,Google,2,2
2026-04-14,lakshgk.github.io,76,11
2026-04-14,github.com,10,6
2026-04-14,Google,2,2
2026-04-15,lakshgk.github.io,76,10
2026-04-15,github.com,24,6
2026-04-15,Google,2,2
2026-04-16,lakshgk.github.io,68,9
2026-04-16,github.com,24,6
2026-04-16,Google,2,2
2026-04-17,lakshgk.github.io,37,5
2026-04-17,github.com,20,5
2026-04-18,lakshgk.github.io,32,6
2026-04-18,github.com,22,6
2026-04-19,lakshgk.github.io,32,6
2026-04-19,github.com,22,6
2026-04-20,lakshgk.github.io,32,6
2026-04-20,github.com,22,6
2026-04-21,lakshgk.github.io,32,6
2026-04-21,github.com,22,6
2026-04-22,lakshgk.github.io,25,6
2026-04-22,github.com,22,6
2026-04-23,lakshgk.github.io,23,6
2026-04-23,github.com,21,5
2026-04-24,github.com,24,6
2026-04-24,lakshgk.github.io,22,6
2026-04-25,github.com,22,4
2026-04-25,lakshgk.github.io,20,5
2026-04-26,github.com,22,4
2026-04-26,lakshgk.github.io,9,3
2026-04-27,github.com,22,4
2026-04-27,lakshgk.github.io,9,3
2026-04-28,github.com,22,4
2026-04-28,lakshgk.github.io,2,2
2026-04-29,github.com,9,4
2026-04-29,lakshgk.github.io,3,2
2026-04-30,github.com,9,4
2026-04-30,lakshgk.github.io,3,2
2026-05-01,github.com,8,3
2026-05-01,lakshgk.github.io,3,2
2026-05-02,github.com,6,2
2026-05-02,lakshgk.github.io,5,2
2026-05-03,github.com,6,2
2026-05-03,lakshgk.github.io,6,2
2026-05-04,lakshgk.github.io,9,2
2026-05-04,github.com,6,2
2026-05-05,lakshgk.github.io,9,2
2026-05-05,github.com,6,2
2026-05-06,lakshgk.github.io,10,2
2026-05-06,github.com,6,2
2026-05-07,lakshgk.github.io,10,2
2026-05-07,github.com,6,2
2026-05-08,lakshgk.github.io,10,2
2026-05-08,github.com,3,1
2026-05-09,lakshgk.github.io,10,2
2026-05-09,github.com,3,1
2026-05-10,lakshgk.github.io,10,2
2026-05-10,github.com,3,1
2026-05-11,lakshgk.github.io,10,2
2026-05-11,github.com,3,1
2026-05-12,lakshgk.github.io,10,2
2026-05-12,github.com,3,1
2026-05-13,lakshgk.github.io,8,1
2026-05-14,lakshgk.github.io,9,1
2026-05-15,lakshgk.github.io,6,1
2026-05-16,lakshgk.github.io,6,1
2026-05-17,lakshgk.github.io,5,1
2026-05-18,lakshgk.github.io,2,1
2026-05-19,lakshgk.github.io,1,1
2026-05-20,lakshgk.github.io,1,1
2026-05-21,lakshgk.github.io,1,1
2026-05-22,lakshgk.github.io,1,1
2026-05-23,lakshgk.github.io,1,1
2026-05-24,lakshgk.github.io,1,1
2026-05-25,lakshgk.github.io,1,1
2026-05-26,lakshgk.github.io,1,1
2026-05-27,lakshgk.github.io,1,1
2026-05-31,github.com,1,1
2026-06-01,github.com,1,1
2026-06-02,github.com,1,1
2026-06-03,github.com,8,2
2026-06-04,github.com,8,2
2026-06-05,github.com,8,2
2026-06-06,github.com,8,2
2026-06-07,github.com,12,3
2026-06-08,github.com,12,3
2026-06-09,github.com,12,3
2026-06-10,github.com,12,3
2026-06-11,github.com,12,3
2026-06-12,github.com,13,4
2026-06-13,github.com,13,4
2026-06-14,github.com,13,4
2026-06-15,github.com,15,4
2026-06-16,github.com,15,4
2026-06-17,github.com,8,3
2026-06-18,github.com,8,3
2026-06-19,github.com,8,3
2026-06-20,github.com,8,3
2026-06-20,lakshgk.github.io,3,1
2026-06-21,github.com,4,2
2026-06-21,lakshgk.github.io,3,1
2026-06-22,github.com,4,2
2026-06-22,lakshgk.github.io,3,1
2026-06-23,github.com,4,2
2026-06-23,lakshgk.github.io,3,1
2026-06-24,github.com,3,1
2026-06-24,lakshgk.github.io,3,1
2026-06-25,github.com,3,1
2026-06-25,lakshgk.github.io,3,1
2026-06-26,github.com,3,1
2026-06-26,lakshgk.github.io,3,1
2026-06-27,lakshgk.github.io,4,2
2026-06-27,github.com,3,1
2026-06-28,lakshgk.github.io,4,2
2026-06-28,github.com,2,1
2026-06-29,lakshgk.github.io,4,2
2026-06-29,github.com,2,1
2026-06-30,lakshgk.github.io,4,2
